Stock,ปี (พ.ศ.),Year (ค.ศ.),Operating Revenue,Total Revenue,diff,COGS,Gross Profit,EBIT,EBITDA,NI (Parent),INT,EPS,Operating CF,Capital Expenditure,Free Cash Flow,Total Assets,Total Equity,Total Liabilities,Current Assets,Current Liabilities,Cash Equivalent,Inventory,Accounts Receivable,Accounts Payable,Fixed Assets,Gross Margin (%),Operating Margin (%),EBITDA Margin (%),Net Margin (%),ROE (%),ROA (%),D/E (x),Current Ratio (x),Quick Ratio (x),Interest Coverage (x),OCF_to_NI
ADVANC,2566,2023,188872910820.0,190508006681.0,1635095861.0,125386724365.0,63486186455.0,35997897523.0,88878359525.0,29086105499.0,-6144918614.0,9.7794,87640584524.0,-77986423436.0,9654161088.0,454439221103.0,90678209322.0,363761011781.0,41837525700.0,133646551820.0,14743575145.0,4147217430.0,21343330899.0,37674111366.0,139223822358.0,33.61,19.06,46.65,15.27,32.11,6.4,4.01,0.31,0.27,5.86,3.01
ADVANC,2567,2024,213569330968.0,215485186185.0,1915855217.0,135394304634.0,78175026334.0,43068989257.0,104296821820.0,35075356788.0,-9184936058.0,11.7932,116622152455.0,-36931702983.0,79690449472.0,431432091319.0,97323894981.0,334108196338.0,50026613949.0,103549935143.0,22607068816.0,5066522957.0,18916091590.0,39662605489.0,126998571591.0,36.6,20.17,48.4,16.28,36.08,8.13,3.43,0.48,0.4,4.69,3.32
ADVANC,2568,2025,226263821386.0,228195552477.0,1931731091.0,136466803931.0,89797017455.0,57542895724.0,115296885138.0,47885901716.0,-7972848024.0,16.1004,120809608956.0,-47235272684.0,73574336272.0,420273207028.0,107280362123.0,312992844905.0,52703984960.0,102178103262.0,25353769967.0,4107423340.0,17916331573.0,43563132847.0,118626351672.0,39.69,25.43,50.53,20.98,44.68,11.39,2.92,0.52,0.42,7.22,2.52
CCET,2566,2023,150291494280.0,150898620613.2,607126333.2,142639739984.4,7651754295.6,1393262683.2,4191299750.4,1116330790.8,-2341615440.0,0.1083,14078532583.2,-3017931481.2,11060601102.0,87284231888.4,26668253306.4,60615978582.0,65392090453.2,45142015449.6,10255241440.8,15547941459.6,31505628420.0,30803226751.2,17935336404.0,5.09,0.93,2.78,0.74,4.19,1.28,2.27,1.45,0.93,0.6,12.61
CCET,2567,2024,148862048683.0,149448984134.5,586935451.5,140993118328.0,7868930355.0,2983150697.0,5501913007.5,2625063049.0,-1148335859.5,0.2548,9290367430.5,-1004870206.5,8285497224.0,86704903788.0,27233969662.5,59470934125.5,65492321934.5,45301059887.0,6090245703.5,16283543883.5,34242595183.0,37729224452.5,17210863062.0,5.29,2.0,3.68,1.76,9.64,3.03,2.18,1.45,0.89,2.6,3.54
CCET,2568,2025,147679152635.0,148915779775.0,1236627140.0,140144129370.0,7535023265.0,2568946590.0,4790767345.0,2177018095.0,-849725100.0,0.2113,3337262005.0,-2481642030.0,855619975.0,85424782345.0,27473963720.0,57950818625.0,62882043070.0,51997152375.0,8119382495.0,18160436245.0,31186822940.0,32951916305.0,17354078770.0,5.1,1.74,3.22,1.46,7.92,2.55,2.11,1.21,0.76,3.02,1.53
DELTA,2566,2023,146371348263.0,148106583788.0,1735235525.0,111730865380.0,34640482883.0,19495708653.0,24016753732.0,18422539989.0,-109353449.0,1.4769,13312692497.0,-10492161842.0,2820530655.0,108144990858.0,67538551340.0,40606439518.0,75565948321.0,36175544218.0,7617210826.0,32746509432.0,33237288997.0,32096498443.0,29681378931.0,23.67,13.32,16.22,12.44,27.28,17.04,0.6,2.09,1.13,178.28,0.72
DELTA,2567,2024,164732742495.0,166791756957.0,2059014462.0,122488678299.0,42244064196.0,19748497048.0,26419483879.0,18938579925.0,-166977934.0,1.5183,31248499617.0,-13694707244.0,17553792373.0,123096685375.0,79941813695.0,43154871680.0,82531517967.0,38126962829.0,15700903372.0,31697443577.0,32906076373.0,35793288147.0,37721164261.0,25.64,11.99,15.84,11.35,23.69,15.39,0.54,2.16,1.27,118.27,1.65
DELTA,2568,2025,198153416583.0,201135926070.0,2982509487.0,142011041812.0,56142374771.0,28886850933.0,37019254512.0,24814323593.0,-63688723.0,1.9893,28077761107.0,-13663642237.0,14414118870.0,154130934452.0,96726906680.0,57404027772.0,104073696161.0,52268798410.0,20288076252.0,34731292463.0,45936441351.0,45228476887.0,45687806063.0,28.33,14.58,18.41,12.34,25.65,16.1,0.59,1.99,1.27,453.56,1.13
HANA,2566,2023,26152116286.0,26632149035.0,480032749.0,23172094053.0,2980022233.0,1846035325.0,3482441574.0,1501446677.0,-51833631.0,1.6958,3250291071.0,-2653934812.0,596356259.0,35305956904.0,29146720499.0,6159236405.0,23159369864.0,5034054087.0,6954416159.0,8969347441.0,5178140817.0,3390545998.0,11701474654.0,11.39,7.06,13.08,5.64,5.15,4.25,0.21,4.6,2.41,35.61,2.16
HANA,2567,2024,24801339649.0,25452891840.0,651552191.0,22607046955.0,2194292694.0,-1368845666.0,319173733.0,-1433172378.0,-64326712.0,-1.6187,4877487479.0,-1071790601.0,3805696878.0,32515852413.0,27078246465.0,5437605948.0,22419370331.0,4097950096.0,6689073469.0,7096004054.0,4480721798.0,3026410310.0,9327585642.0,8.85,-5.52,1.25,-5.63,-5.29,-4.41,0.2,5.47,2.73,-21.28,-3.4
HANA,2568,2025,20563406965.0,21231103716.0,667696751.0,18960447247.0,1602959718.0,-71649235.0,1412449871.0,-84689277.0,-13040042.0,-0.0957,3821561808.0,-649947795.0,3171614013.0,31159009391.0,26319402653.0,4839606738.0,22335369163.0,3806693615.0,4936500203.0,5803004466.0,4091081978.0,3155916939.0,8200555647.0,7.8,-0.35,6.65,-0.4,-0.32,-0.27,0.18,5.87,2.37,-5.49,-45.12
JMART,2566,2023,13743493935.0,19504186569.0,5760692634.0,9137994368.0,4605499567.0,389048142.0,1165713352.0,-447010577.0,-1069063653.0,-0.3066,-1113206615.0,-446315713.0,-1559522328.0,62239654445.0,32727819158.0,29511835287.0,10587303375.0,11221909661.0,2044007855.0,1062866250.0,826724226.0,519916169.0,1325315247.0,33.51,2.83,5.98,-2.29,-1.37,-0.72,0.9,0.94,0.26,0.36,2.49
JMART,2567,2024,13878754236.0,19904412840.0,6025658604.0,9391489853.0,4487264383.0,2261908268.0,3070598071.0,1140848930.0,-1121059338.0,0.7826,3327326548.0,-405962986.0,2921363562.0,59953404261.0,34114666017.0,25838738244.0,9102693855.0,15092499753.0,1419752927.0,957091443.0,683402938.0,475158251.0,1879157030.0,32.33,16.3,15.43,5.73,3.34,1.9,0.76,0.6,0.14,2.02,2.92
JMART,2568,2025,15402603945.0,19882003909.0,4479399964.0,10945191386.0,4457412559.0,985720599.0,1765114436.0,-161838873.0,-1147559472.0,-0.111,3247096525.0,-141470901.0,3105625624.0,56089521320.0,32718512866.0,23371008454.0,8629369365.0,10465285262.0,828004087.0,1275337422.0,385280015.0,533213297.0,1691982729.0,28.94,6.4,8.88,-0.81,-0.49,-0.29,0.71,0.82,0.12,0.86,-20.06
KCE,2566,2023,16343630238.0,16683361019.0,339730781.0,12940633602.0,3402996636.0,1878966602.0,1922103916.0,1719581960.0,-103794020.0,1.4543,4213822013.0,-443880205.0,3769941808.0,19193317961.0,13749282711.0,5444035250.0,10079424296.0,4561935131.0,1766783801.0,3792514860.0,4378648427.0,2728403511.0,8124497954.0,20.82,11.5,11.52,10.31,12.51,8.96,0.4,2.21,1.35,18.1,2.45
KCE,2567,2024,14832847061.0,15210437290.0,377590229.0,11571188313.0,3261658748.0,1798142829.0,1845079394.0,1648459038.0,-51798468.0,1.3942,3310198873.0,-413118187.0,2897080686.0,18415681111.0,13818059334.0,4597621777.0,8955474983.0,3985512983.0,1566087142.0,3674994039.0,3645929394.0,2843017598.0,7645373123.0,21.99,12.12,12.13,10.84,11.93,8.95,0.33,2.25,1.31,34.71,2.01
KCE,2568,2025,13074689462.0,13338577234.0,263887772.0,10606934382.0,2467755080.0,964728008.0,1057485362.0,832680369.0,-36448849.0,0.7042,2536605963.0,-602926778.0,1933679185.0,17929671607.0,13196158951.0,4733512656.0,8577065298.0,3672436800.0,1969257863.0,3705330768.0,2829083836.0,2552903596.0,7267230992.0,18.87,7.38,7.93,6.24,6.31,4.64,0.36,2.34,1.31,26.47,3.05
THCOM,2566,2023,2626511670.0,3223110948.0,596599278.0,1523577348.0,1102934322.0,491830657.0,774820300.0,353646708.0,-127410464.0,0.3226,1006910919.0,-93248179.0,913662740.0,14162489660.0,10231158956.0,3931330704.0,5551052159.0,1441195966.0,3027774683.0,15227687.0,1015680925.0,494125596.0,2078667418.0,41.99,18.73,24.04,10.97,3.46,2.5,0.38,3.85,2.81,3.86,2.85
THCOM,2567,2024,2412755226.0,2714957565.0,302202339.0,1542980861.0,869774365.0,115231927.39,409142372.39,-22836362.61,-90776163.0,-0.0208,1102128938.0,-1763773651.0,-661644713.0,15167996205.0,10019171271.39,5148824934.0,4711057078.0,2019313970.0,2519167817.0,30244715.0,1065351298.0,577047638.0,4559176512.0,36.05,4.78,15.07,-0.84,-0.23,-0.15,0.51,2.33,1.78,1.27,-48.26
THCOM,2568,2025,2321201512.0,2823942985.0,502741473.0,1450708945.0,870492567.0,139385719.0,448680134.0,40092727.0,-71453398.0,0.0366,853340560.0,-1286325801.0,-432985241.0,17331924055.0,10086544445.0,7245379610.0,5094660750.0,3215059589.0,3220424454.0,14535307.0,1267841781.0,661668944.0,5979219596.0,37.5,6.0,15.89,1.42,0.4,0.23,0.72,1.58,1.4,1.95,21.28
TRUE,2566,2023,169074127000.0,169074183000.0,56000.0,122065497000.0,47008630000.0,-12727647000.0,48889264000.0,-14580963000.0,-20525780000.0,-0.422,52163429000.0,-23929044000.0,28234385000.0,744721851000.0,86140415000.0,658581436000.0,108963267000.0,203130945000.0,33579809000.0,2281149000.0,51793647000.0,101386783000.0,222628353000.0,27.8,-7.53,28.92,-8.62,-16.93,-1.96,7.65,0.54,0.42,-0.62,-3.58
TRUE,2567,2024,206020295000.0,206020351000.0,56000.0,145068907000.0,60951388000.0,-10772188000.0,61252559000.0,-10953710000.0,-22825101000.0,-0.317,78446199000.0,-26279780000.0,52166419000.0,675483611000.0,74184687000.0,601298924000.0,94008966000.0,209411498000.0,26831693000.0,2584661000.0,46188880000.0,101100460000.0,208701109000.0,29.59,-5.23,29.73,-5.32,-14.77,-1.62,8.11,0.45,0.35,-0.47,-7.16
TRUE,2568,2025,195668607000.0,195668662000.0,55000.0,130064511000.0,65604096000.0,6951396000.0,77798243000.0,9111483000.0,-20599747000.0,0.2637,82089689000.0,-25627098000.0,56462591000.0,664230097000.0,75147452000.0,589082645000.0,71940498000.0,170363434000.0,17890903000.0,1863659000.0,36703877000.0,82509158000.0,195850393000.0,33.53,3.55,39.76,4.66,12.12,1.37,7.84,0.42,0.32,0.34,9.01
